{
  "alias": "mycli",
  "debug": false,
  "defaultEnv": "dev",
  "description": "NPM Package Template CLI.",
  "dotenvToken": ".env",
  "dynamicPath": "./env/dynamic.js",
  "excludeDynamic": false,
  "excludeEnv": false,
  "excludeGlobal": false,
  "excludePrivate": false,
  "excludePublic": false,
  "loadProcess": true,
  "log": false,
  "paths": "./ ./env",
  "pathsDelimiter": " ",
  "pathsDelimiterPattern": "\\s+",
  "privateToken": "local",
  "vars": "LOG_LEVEL=info",
  "varsAssignor": "=",
  "varsAssignorPattern": "=",
  "varsDelimiter": " ",
  "varsDelimiterPattern": "\\s+"
}
